{
  "name": "dragonshunters",
  "title": "Dragons Hunters",
  "description": "The Dragons Hunters system for FoundryVTT!",
  "version": "1.0.0",
  "minimumCoreVersion": "0.5.5",
  "compatibleCoreVersion": "0.5.5",
  "templateVersion": 2,
  "author": "Quentin Altamore",
  "esmodules": ["module/dragonshunters.js"],
  "styles": ["css/dragonshunters.css"],
  "scripts": [],
  "packs": [],
  "languages": [
    {
      "lang": "en",
      "name": "English",
      "path": "lang/en.json"
    }
  ],
  "gridDistance": 5,
  "gridUnits": "ft",
  "primaryTokenAttribute": "health",
  "secondaryTokenAttribute": "power",
  "url": "",
  "manifest": "https://raw.githubusercontent.com/qaltamore/dragonshunters/master/system.json",
  "download": "https://github.com/qaltamore/dragonshunters/v1.zip"
}
